月,전세대출,자가용 남은 할부금
1,150000000,14350000
2,150000000,13700000
3,150000000,13050000
4,150000000,12400000
5,150000000,11750000
6,150000000,11100000
7,150000000,10450000
8,150000000,9800000
9,150000000,9150000
10,150000000,8500000
11,150000000,7850000
12,150000000,7200000
13,150000000,6550000
14,150000000,5900000
15,150000000,5250000
16,150000000,4600000
17,150000000,3950000
18,150000000,3300000
19,150000000,2650000
20,150000000,2000000
21,150000000,1350000
22,150000000,700000
23,150000000,50000
24,150000000,0
25,150000000,0
26,150000000,0
27,150000000,0
28,150000000,0
29,150000000,0
30,150000000,0
31,150000000,0
32,150000000,0
33,150000000,0
34,150000000,0
35,150000000,0
36,150000000,0
